Configuration,Model,MAE,MSE,MAPE
SWC_5 - 24 input / 1 output,Baseline,0.014926755800843239,0.004607449751347303,2.763415813446045
SWC_5 - 24 input / 1 output,Multi-step Linear,0.015962379053235054,0.0040679024532437325,2.898113489151001
SWC_5 - 24 input / 1 output,Multi-step Dense,0.018779827281832695,0.002835700521245599,4.529416561126709
SWC_5 - 24 input / 1 output,CNN,0.04256496578454971,0.005669340956956148,5.732077121734619
SWC_5 - 24 input / 1 output,RNN,0.04406149312853813,0.005063025746494532,8.674421310424805
SWC_5 - 24 input / 1 output,LSTM,0.06708875298500061,0.010125990957021713,11.837706565856934
SWC_5 - 24 input / 1 output,Autoregressive,0.11212839186191559,0.04022451862692833,14.814326286315918
SWC_5 - 24 input / 1 output,Bi-LSTM,0.06362412869930267,0.007839510217308998,13.245125770568848
