Model,R2,MSE,MAE,MAPE
Simple LSTM,0.9014365407110777,0.00011265805896758282,0.004739072774779846,0.03363591696191168
