Station,Label Feature,Input Length,Output Length,Model,MAE,MSE,MAPE
1,SWC_5,24,1,Baseline,0.024095900356769562,0.00927596352994442,17.501916885375977
