Station,Model,Features,Offset,MSE,MAE,MAPE,SMAPE,RSE,CORR
Station6,ilstmsoil,SWC_20_T_20_Ppt_Wx_Wy_Srad_DayCos_DaySin_MonthCos_MonthSin,48,0.010433867546327025,0.05679795891046524,591874.4375,29.860919952392578,0.25087565183639526,0.8668846487998962
Station6,ilstmsoil,SWC_20_T_20_Ppt_Wx_Wy_Srad_DayCos_DaySin_MonthCos_MonthSin,48,0.010488392765764857,0.05919300764799118,676919.375,31.40152931213379,0.25218668580055237,0.8650615811347961
Station6,ilstmsoil,SWC_20_T_20_Ppt_Wx_Wy_Srad_DayCos_DaySin_MonthCos_MonthSin,48,0.010311249066095863,0.052802957594394684,609708.125,28.878986358642578,0.24792735278606415,0.8708534836769104
Station6,ilstmsoil,SWC_20_T_20_Ppt_Wx_Wy_Srad_DayCos_DaySin_MonthCos_MonthSin,48,0.010223330482525318,0.05652870237827301,630763.5625,28.50755500793457,0.24581339955329895,0.8698233962059021
Station6,ilstmsoil,SWC_20_T_20_Ppt_Wx_Wy_Srad_DayCos_DaySin_MonthCos_MonthSin,48,0.010076348630799923,0.0526224747300148,443555.21875,24.155853271484375,0.24227933585643768,0.8723738193511963
Station6,ilstmsoil,SWC_20_T_20_Ppt_Wx_Wy_Srad_DayCos_DaySin_MonthCos_MonthSin,48,0.010768863571248621,0.06056404486298561,800078.375,27.417818069458008,0.25893041491508484,0.8621169924736023
Station6,ilstmsoil,SWC_20_T_20_Ppt_Wx_Wy_Srad_DayCos_DaySin_MonthCos_MonthSin,48,0.01054581010486162,0.049817461520433426,363130.59375,20.452497482299805,0.2535672187805176,0.8694769740104675
Station6,ilstmsoil,SWC_20_T_20_Ppt_Wx_Wy_Srad_DayCos_DaySin_MonthCos_MonthSin,48,0.010161383710468415,0.050872500985860825,279617.28125,20.74199867248535,0.24432392418384552,0.8719944357872009
