Station,Model,Features,Offset,Epoch,Loss,Validation Loss
Station6,LSTM,SWC_10_YearCos,168,1,0.0185596514493227,0.016826670616865158
Station6,LSTM,SWC_10_YearCos,168,2,0.0175311341881752,0.014634743332862854
Station6,LSTM,SWC_10_YearCos,168,3,0.016830049455165863,0.014812830835580826
Station6,LSTM,SWC_10_YearCos,168,4,0.01712673529982567,0.013727359473705292
Station6,LSTM,SWC_10_YearCos,168,5,0.016313936561346054,0.0162584837526083
Station6,LSTM,SWC_10_YearCos,168,6,0.015647420659661293,0.015699276700615883
Station6,LSTM,SWC_10_YearCos,168,7,0.016251232475042343,0.015478362329304218
