Station,Label_Feature,Dropped_Feature,Model_Name,Input_Length,Output_Length,Test_MSE,Test_MAE,Test_MAPE
SWC_5,Baseline,Baseline,0.15382304787635803,0.1861654818058014,176.95172119140625
SWC_5,Baseline,Multi-step Linear,0.07572335749864578,0.09844328463077545,68.71116638183594
SWC_5,Baseline,Multi-step Dense,0.07320937514305115,0.11138337850570679,89.8456802368164
SWC_5,Baseline,CNN,0.07557142525911331,0.11265871673822403,82.50396728515625
SWC_5,Baseline,RNN,0.07625028491020203,0.10931722074747086,70.29915618896484
SWC_5,Baseline,LSTM,0.08269105106592178,0.12268663197755814,91.64654541015625
SWC_5,Baseline,Autoregressive,0.1699238419532776,0.24499547481536865,142.76675415039062
SWC_5,Baseline,Bi-LSTM,0.08043298870325089,0.12199587374925613,75.27300262451172
