Station,Label Feature,Dropped Feature,Model Name,Input Length,Output Length,Test MSE,Test MAE,Test MAPE
SWC_5,Baseline,Baseline,0.15382307767868042,0.18616551160812378,176.9517364501953
SWC_5,Baseline,Multi-step Linear,0.07624062150716782,0.09906260669231415,58.00441360473633
SWC_5,Baseline,Multi-step Dense,0.07446087151765823,0.11258859187364578,89.05908966064453
SWC_5,Baseline,CNN,0.07282194495201111,0.10472522675991058,71.87032318115234
SWC_5,Baseline,RNN,0.07402695715427399,0.11024171113967896,76.11699676513672
