Station,Configuration,Model,MAE,MSE,MAPE
1,SWC_5 - 24 input / 1 output,Baseline,0.024095894768834114,0.009275964461266994,17.50191307067871
1,SWC_5 - 24 input / 1 output,Multi-step Linear,0.023087071254849434,0.0075758942402899265,15.67280387878418
