Station,Label Feature,Input Length,Output Length,Model,MAE,MSE,MAPE
1,SWC_5,24,1,Baseline,0.02409590594470501,0.00927596352994442,17.50191307067871
1,SWC_5,24,1,Multi-step Linear,0.023680098354816437,0.007668850477784872,15.82273006439209
1,SWC_5,24,1,Multi-step Dense,0.035344164818525314,0.0065375384874641895,41.66876983642578
1,SWC_5,24,1,CNN,0.056536849588155746,0.008752265013754368,48.9937629699707
1,SWC_5,24,1,RNN,0.028400573879480362,0.005156019702553749,17.690929412841797
1,SWC_5,24,1,LSTM,0.023129520937800407,0.004986068699508905,18.831655502319336
1,SWC_5,24,1,Autoregressive,0.14077936112880707,0.066533163189888,103.3185043334961
1,SWC_5,24,1,Bi-LSTM,0.033269867300987244,0.007243320345878601,34.38576126098633
