Station,Label Feature,Input Length,Output Length,Model,MAE,MSE,MAPE
1,SWC_5,24,1,Baseline,0.024095894768834114,0.009275964461266994,17.50191879272461
1,SWC_5,24,1,Multi-step Linear,0.023798834532499313,0.007654015440493822,14.97164535522461
1,SWC_5,24,1,Multi-step Dense,0.045673783868551254,0.009057475253939629,34.784420013427734
