Station,Label_Feature,Input_Length,Output_Length,Model,MAE,MSE,MAPE
1,SWC_5,24,6,Baseline,0.11457701772451401,0.07881102710962296,81.67560577392578
1,SWC_5,24,6,Multi-step Linear,0.06501369923353195,0.040836263447999954,45.898311614990234
