Offset,R2,MSE,MAPE
24,0.781781782990578,0.0065562263305464445,86047577693.02744
