Offset,R2,MSE,MAPE
36,0.7555951440437587,0.007341659410425501,85718033316.51653
