Offset,R2,MSE,MAPE
168,0.35519897098641917,0.01931777744388124,256821176754.82526
