Model,R2,MSE,MAE,MAPE
Simple LSTM,0.8962692930125759,0.00011856422439762827,0.004761227364995453,0.03437850532958339
