Model,R2,MSE,MAE,MAPE
Simple LSTM,0.9000458164851215,6.660756120435382e-05,0.004285532579096479,0.03716111102598261
