Model,R2,MSE,MAE,MAPE
Simple LSTM,0.899621612378934,0.0001147325225115745,0.00478080979369812,0.03412735042525932
