Station,Model,Features,Offset,MSE,MAE,MAPE,SMAPE,RSE,CORR
Station6,ar,SWC_20_T_20_Ppt_Tair_Wx_Wy,24,0.012656747206065808,0.081289142370224,57.60332107543945,34.75594711303711,0.3050983250141144,0.8807056546211243
Station6,lstm,SWC_20_T_20_Ppt_Tair_Wx_Wy,24,0.0058310874170260886,0.035361770540475845,52.22636413574219,17.535125732421875,0.1405618041753769,0.9277515411376953
Station6,bilstm,SWC_20_T_20_Ppt_Tair_Wx_Wy,24,0.0059441991813259,0.036597058176994324,47.98664474487305,16.104839324951172,0.14328841865062714,0.9275308847427368
Station6,rnn,SWC_20_T_20_Ppt_Tair_Wx_Wy,24,0.006132298532708606,0.031073736026883125,80.56433868408203,12.863204002380371,0.14782266318798065,0.9249861240386963
Station6,cnn,SWC_20_T_20_Ppt_Tair_Wx_Wy,24,0.010713915902997915,0.07751382142305374,88.0960693359375,37.26298904418945,0.25826525688171387,0.8882216811180115
Station6,attentionlstm,SWC_20_T_20_Ppt_Tair_Wx_Wy,24,0.005983172766749352,0.03522220626473427,61.0566520690918,16.869211196899414,0.14422790706157684,0.9256763458251953
Station6,baseline,SWC_20_T_20_Ppt_Tair_Wx_Wy,24,0.0070647173094850815,0.03303953632712364,13.315930366516113,11.299692153930664,0.17029915750026703,0.914533793926239
