Station,Model,Features,Offset,MSE,MAE,MAPE,SMAPE,RSE,CORR
Station6,AttentionLSTM,SWC_10,1,0.0006251406898590886,0.012273588162491163,52341661982.9587,6.7220786054570905,0.1647194494104362,0.9883849396416268
