Station,Model,Features,Offset,MSE,MAE,MAPE,SMAPE,RSE,CORR
Station6,Baseline,SWC_20_T_20_Ppt_Tair_Wx_Wy,24,0.005553510087664762,0.027776439318577477,35000618840.0031,nan,0.42993451863546456,0.9075348293997624
Station6,Autoregressive,SWC_20_T_20_Ppt_Tair_Wx_Wy,24,0.008095592405260074,0.058964978555160384,606282194380.0476,25.948421657534027,0.5190902238903033,0.8723106072060287
Station6,Baseline,SWC_20_T_20_Ppt_Tair_Wx_Wy,24,0.005553510087664762,0.027776439318577477,35000618840.0031,nan,0.42993451863546456,0.9075348293997624
Station6,LSTM,SWC_20_T_20_Ppt_Tair_Wx_Wy,24,0.006495174046125207,0.04093864515682716,891088056443.5485,16.367854173730233,0.4649582191046257,0.8990868097133179
Station6,CNN,SWC_20_T_20_Ppt_Tair_Wx_Wy,24,0.00513714376242598,0.031074842250030658,264747786058.84937,14.7419575993745,0.4135036928744434,0.9111186275029561
Station6,RNN,SWC_20_T_20_Ppt_Tair_Wx_Wy,24,0.005106617231739428,0.029374133580132872,200327216145.7234,13.420682993384366,0.41227327750229503,0.9117541987045936
