Horizon,MSE,MAPE (%)
24h,0.009294051832318078,71.06631133801838
48h,0.009393365599259124,71.51114804328392
72h,0.009457581647108769,71.70939439111054
1-Week,0.010191942302201542,74.14605519527973
