Horizon,MSE,MAPE (%)
24h,0.009294051832315978,71.06631133800512
48h,0.009393365599259124,71.51114804328392
72h,0.00945758164710877,71.70939439111054
1-Week,0.010191942302201544,74.14605519527973
